,order,sample_name,original_sample,Site,library_tag_combo,Tag,file1,file2,pri_index_name,pri_index_seq,sec_index_start,vol_actual_uL,PCR2.date,sample_type,locus,primerF_seq,primerR_seq,tag_number,tag_sequence,experiment,vol_product_unclean_uL,vol_clean_input,vol_clean_elute_uL,vol_clean_total_uL,vol_removed_gel_uL,vol_removed_qubit_uL,vol_removed_BA,vol_remain_uL,conc_DNA_sample_ng.uL,mass_DNA_total_ng,fragment_size_BA,conc_DNA_BA_nguL,mass_DNA_pooled_ng,vol_pooled_undiluted_uL,Amount.Needed..ul..for.Kappa.Kit......1ng.,time,tide
7,NA,LL20170311A.1,LL20170311A,Lilliwaup,Lib_C_Tag_13,13,NA,NA,3,ACAGTG,4,NA,NA,eDNA,COI,GGWACWGGWTGAACWGTWTAYCCYCC,TAIACYTCIGGRTGICCRAARAAYCA,13,ATCAGT,OA_eDNA,NA,NA,NA,NA,NA,NA,NA,NA,NA,NA,NA,NA,NA,0.4,NA,11:45,Incoming
39,NA,LL20170311A.2,LL20170311A,Lilliwaup,Lib_D_Tag_1,1,NA,NA,4,GCCAAT,4,NA,NA,eDNA,COI,GGWACWGGWTGAACWGTWTAYCCYCC,TAIACYTCIGGRTGICCRAARAAYCA,1,ACACAC,OA_eDNA,NA,NA,NA,NA,NA,NA,NA,NA,NA,NA,NA,NA,NA,1.3,NA,11:45,Incoming
71,NA,LL20170311A.3,LL20170311A,Lilliwaup,Lib_B_Tag_3,3,NA,NA,2,TGACCA,4,NA,NA,eDNA,COI,GGWACWGGWTGAACWGTWTAYCCYCC,TAIACYTCIGGRTGICCRAARAAYCA,3,GTCTCT,OA_eDNA,NA,NA,NA,NA,NA,NA,NA,NA,NA,NA,NA,NA,NA,0.8,NA,11:45,Incoming
8,NA,LL20170311B.1,LL20170311B,Lilliwaup,Lib_C_Tag_5,5,NA,NA,3,ACAGTG,4,NA,NA,eDNA,COI,GGWACWGGWTGAACWGTWTAYCCYCC,TAIACYTCIGGRTGICCRAARAAYCA,5,ACATGT,OA_eDNA,NA,NA,NA,NA,NA,NA,NA,NA,NA,NA,NA,NA,NA,2.6,NA,11:45,Incoming
40,NA,LL20170311B.2,LL20170311B,Lilliwaup,Lib_G_Tag_11,11,NA,NA,9,ACTTGA,4,NA,NA,eDNA,COI,GGWACWGGWTGAACWGTWTAYCCYCC,TAIACYTCIGGRTGICCRAARAAYCA,11,GCAGTG,OA_eDNA,NA,NA,NA,NA,NA,NA,NA,NA,NA,NA,NA,NA,NA,0.8,NA,11:45,Incoming
72,NA,LL20170311B.3,LL20170311B,Lilliwaup,Lib_E_Tag_6,6,NA,NA,5,CAGATC,4,NA,NA,eDNA,COI,GGWACWGGWTGAACWGTWTAYCCYCC,TAIACYTCIGGRTGICCRAARAAYCA,6,ACGACG,OA_eDNA,NA,NA,NA,NA,NA,NA,NA,NA,NA,NA,NA,NA,NA,0.6,NA,11:45,Incoming
15,NA,LL20170311D.1,LL20170311D,Lilliwaup,Lib_F_Tag_7,7,NA,NA,6,CTTGTA,4,NA,NA,eDNA,COI,GGWACWGGWTGAACWGTWTAYCCYCC,TAIACYTCIGGRTGICCRAARAAYCA,7,ATATCG,OA_eDNA,NA,NA,NA,NA,NA,NA,NA,NA,NA,NA,NA,NA,NA,0.8,NA,16:00,Outgoing
47,NA,LL20170311D.2,LL20170311D,Lilliwaup,Lib_G_Tag_4,4,NA,NA,9,ACTTGA,4,NA,NA,eDNA,COI,GGWACWGGWTGAACWGTWTAYCCYCC,TAIACYTCIGGRTGICCRAARAAYCA,4,GCGCTC,OA_eDNA,NA,NA,NA,NA,NA,NA,NA,NA,NA,NA,NA,NA,NA,0.9,NA,16:00,Outgoing
79,NA,LL20170311D.3,LL20170311D,Lilliwaup,Lib_G_Tag_1,1,NA,NA,9,ACTTGA,4,NA,NA,eDNA,COI,GGWACWGGWTGAACWGTWTAYCCYCC,TAIACYTCIGGRTGICCRAARAAYCA,1,ACACAC,OA_eDNA,NA,NA,NA,NA,NA,NA,NA,NA,NA,NA,NA,NA,NA,0.7,NA,16:00,Outgoing
16,NA,LL20170311E.1,LL20170311E,Lilliwaup,Lib_A_Tag_8,8,NA,NA,1,CGATGT,4,NA,NA,eDNA,COI,GGWACWGGWTGAACWGTWTAYCCYCC,TAIACYTCIGGRTGICCRAARAAYCA,8,CTCGCA,OA_eDNA,NA,NA,NA,NA,NA,NA,NA,NA,NA,NA,NA,NA,NA,0.5,NA,16:00,Outgoing
48,NA,LL20170311E.2,LL20170311E,Lilliwaup,Lib_A_Tag_2,2,NA,NA,1,CGATGT,4,NA,NA,eDNA,COI,GGWACWGGWTGAACWGTWTAYCCYCC,TAIACYTCIGGRTGICCRAARAAYCA,2,ACAGCA,OA_eDNA,NA,NA,NA,NA,NA,NA,NA,NA,NA,NA,NA,NA,NA,0.7,NA,16:00,Outgoing
80,NA,LL20170311E.3,LL20170311E,Lilliwaup,Lib_B_Tag_8,8,NA,NA,2,TGACCA,4,NA,NA,eDNA,COI,GGWACWGGWTGAACWGTWTAYCCYCC,TAIACYTCIGGRTGICCRAARAAYCA,8,CTCGCA,OA_eDNA,NA,NA,NA,NA,NA,NA,NA,NA,NA,NA,NA,NA,NA,0.5,NA,16:00,Outgoing
17,NA,LL20170311F.1,LL20170311F,Lilliwaup,Lib_F_Tag_11,11,NA,NA,6,CTTGTA,4,NA,NA,eDNA,COI,GGWACWGGWTGAACWGTWTAYCCYCC,TAIACYTCIGGRTGICCRAARAAYCA,11,GCAGTG,OA_eDNA,NA,NA,NA,NA,NA,NA,NA,NA,NA,NA,NA,NA,NA,0.5,NA,16:00,Outgoing
49,NA,LL20170311F.2,LL20170311F,Lilliwaup,Lib_G_Tag_15,15,NA,NA,9,ACTTGA,4,NA,NA,eDNA,COI,GGWACWGGWTGAACWGTWTAYCCYCC,TAIACYTCIGGRTGICCRAARAAYCA,15,CGACGC,OA_eDNA,NA,NA,NA,NA,NA,NA,NA,NA,NA,NA,NA,NA,NA,0.7,NA,16:00,Outgoing
81,NA,LL20170311F.3,LL20170311F,Lilliwaup,Lib_D_Tag_15,15,NA,NA,4,GCCAAT,4,NA,NA,eDNA,COI,GGWACWGGWTGAACWGTWTAYCCYCC,TAIACYTCIGGRTGICCRAARAAYCA,15,CGACGC,OA_eDNA,NA,NA,NA,NA,NA,NA,NA,NA,NA,NA,NA,NA,NA,0.4,NA,16:00,Outgoing
18,NA,LL20170312A.1,LL20170312A,Lilliwaup,Lib_F_Tag_2,2,NA,NA,6,CTTGTA,4,NA,NA,eDNA,COI,GGWACWGGWTGAACWGTWTAYCCYCC,TAIACYTCIGGRTGICCRAARAAYCA,2,ACAGCA,OA_eDNA,NA,NA,NA,NA,NA,NA,NA,NA,NA,NA,NA,NA,NA,0.7,NA,9:00,Outgoing
50,NA,LL20170312A.2,LL20170312A,Lilliwaup,Lib_G_Tag_7,7,NA,NA,9,ACTTGA,4,NA,NA,eDNA,COI,GGWACWGGWTGAACWGTWTAYCCYCC,TAIACYTCIGGRTGICCRAARAAYCA,7,ATATCG,OA_eDNA,NA,NA,NA,NA,NA,NA,NA,NA,NA,NA,NA,NA,NA,1.1,NA,9:00,Outgoing
82,NA,LL20170312A.3,LL20170312A,Lilliwaup,Lib_B_Tag_12,12,NA,NA,2,TGACCA,4,NA,NA,eDNA,COI,GGWACWGGWTGAACWGTWTAYCCYCC,TAIACYTCIGGRTGICCRAARAAYCA,12,GATGAC,OA_eDNA,NA,NA,NA,NA,NA,NA,NA,NA,NA,NA,NA,NA,NA,0.7,NA,9:00,Outgoing
19,NA,LL20170312B.1,LL20170312B,Lilliwaup,Lib_D_Tag_10,10,NA,NA,4,GCCAAT,4,NA,NA,eDNA,COI,GGWACWGGWTGAACWGTWTAYCCYCC,TAIACYTCIGGRTGICCRAARAAYCA,10,TGTATG,OA_eDNA,NA,NA,NA,NA,NA,NA,NA,NA,NA,NA,NA,NA,NA,0.8,NA,9:00,Outgoing
51,NA,LL20170312B.2,LL20170312B,Lilliwaup,Lib_B_Tag_5,5,NA,NA,2,TGACCA,4,NA,NA,eDNA,COI,GGWACWGGWTGAACWGTWTAYCCYCC,TAIACYTCIGGRTGICCRAARAAYCA,5,ACATGT,OA_eDNA,NA,NA,NA,NA,NA,NA,NA,NA,NA,NA,NA,NA,NA,1,NA,9:00,Outgoing
83,NA,LL20170312B.3,LL20170312B,Lilliwaup,Lib_E_Tag_5,5,NA,NA,5,CAGATC,4,NA,NA,eDNA,COI,GGWACWGGWTGAACWGTWTAYCCYCC,TAIACYTCIGGRTGICCRAARAAYCA,5,ACATGT,OA_eDNA,NA,NA,NA,NA,NA,NA,NA,NA,NA,NA,NA,NA,NA,0.8,NA,9:00,Outgoing
27,NA,LL20170312D.1,LL20170312D,Lilliwaup,Lib_B_Tag_10,10,NA,NA,2,TGACCA,4,NA,NA,eDNA,COI,GGWACWGGWTGAACWGTWTAYCCYCC,TAIACYTCIGGRTGICCRAARAAYCA,10,TGTATG,OA_eDNA,NA,NA,NA,NA,NA,NA,NA,NA,NA,NA,NA,NA,NA,34.8,NA,14:40,Incoming
59,NA,LL20170312D.2,LL20170312D,Lilliwaup,Lib_D_Tag_14,14,NA,NA,4,GCCAAT,4,NA,NA,eDNA,COI,GGWACWGGWTGAACWGTWTAYCCYCC,TAIACYTCIGGRTGICCRAARAAYCA,14,TCGTCA,OA_eDNA,NA,NA,NA,NA,NA,NA,NA,NA,NA,NA,NA,NA,NA,0.7,NA,14:40,Incoming
91,NA,LL20170312D.3,LL20170312D,Lilliwaup,Lib_C_Tag_10,10,NA,NA,3,ACAGTG,4,NA,NA,eDNA,COI,GGWACWGGWTGAACWGTWTAYCCYCC,TAIACYTCIGGRTGICCRAARAAYCA,10,TGTATG,OA_eDNA,NA,NA,NA,NA,NA,NA,NA,NA,NA,NA,NA,NA,NA,0.3,NA,14:40,Incoming
28,NA,LL20170312E.1,LL20170312E,Lilliwaup,Lib_F_Tag_15,15,NA,NA,6,CTTGTA,4,NA,NA,eDNA,COI,GGWACWGGWTGAACWGTWTAYCCYCC,TAIACYTCIGGRTGICCRAARAAYCA,15,CGACGC,OA_eDNA,NA,NA,NA,NA,NA,NA,NA,NA,NA,NA,NA,NA,NA,1.4,NA,14:40,Incoming
60,NA,LL20170312E.2,LL20170312E,Lilliwaup,Lib_B_Tag_7,7,NA,NA,2,TGACCA,4,NA,NA,eDNA,COI,GGWACWGGWTGAACWGTWTAYCCYCC,TAIACYTCIGGRTGICCRAARAAYCA,7,ATATCG,OA_eDNA,NA,NA,NA,NA,NA,NA,NA,NA,NA,NA,NA,NA,NA,0.6,NA,14:40,Incoming
92,NA,LL20170312E.3,LL20170312E,Lilliwaup,Lib_C_Tag_6,6,NA,NA,3,ACAGTG,4,NA,NA,eDNA,COI,GGWACWGGWTGAACWGTWTAYCCYCC,TAIACYTCIGGRTGICCRAARAAYCA,6,ACGACG,OA_eDNA,NA,NA,NA,NA,NA,NA,NA,NA,NA,NA,NA,NA,NA,0.6,NA,14:40,Incoming
29,NA,LL20170312F.1,LL20170312F,Lilliwaup,Lib_F_Tag_1,1,NA,NA,6,CTTGTA,4,NA,NA,eDNA,COI,GGWACWGGWTGAACWGTWTAYCCYCC,TAIACYTCIGGRTGICCRAARAAYCA,1,ACACAC,OA_eDNA,NA,NA,NA,NA,NA,NA,NA,NA,NA,NA,NA,NA,NA,2.8,NA,14:40,Incoming
61,NA,LL20170312F.2,LL20170312F,Lilliwaup,Lib_G_Tag_5,5,NA,NA,9,ACTTGA,4,NA,NA,eDNA,COI,GGWACWGGWTGAACWGTWTAYCCYCC,TAIACYTCIGGRTGICCRAARAAYCA,5,ACATGT,OA_eDNA,NA,NA,NA,NA,NA,NA,NA,NA,NA,NA,NA,NA,NA,0.6,NA,14:40,Incoming
93,NA,LL20170312F.3,LL20170312F,Lilliwaup,Lib_E_Tag_14,14,NA,NA,5,CAGATC,4,NA,NA,eDNA,COI,GGWACWGGWTGAACWGTWTAYCCYCC,TAIACYTCIGGRTGICCRAARAAYCA,14,TCGTCA,OA_eDNA,NA,NA,NA,NA,NA,NA,NA,NA,NA,NA,NA,NA,NA,0.5,NA,14:40,Incoming
97,NA,Ostrich1,Ostric,Ostric,Lib_F_Tag_3,3,NA,NA,6,CTTGTA,4,NA,NA,Positive Ctrl,COI,GGWACWGGWTGAACWGTWTAYCCYCC,TAIACYTCIGGRTGICCRAARAAYCA,3,GTCTCT,OA_eDNA,NA,NA,NA,NA,NA,NA,NA,NA,NA,NA,NA,NA,NA,0.7,NA,NA,NA
98,NA,Ostrich2,Ostric,Ostric,Lib_A_Tag_11,11,NA,NA,1,CGATGT,4,NA,NA,Positive Ctrl,COI,GGWACWGGWTGAACWGTWTAYCCYCC,TAIACYTCIGGRTGICCRAARAAYCA,11,GCAGTG,OA_eDNA,NA,NA,NA,NA,NA,NA,NA,NA,NA,NA,NA,NA,NA,0.6,NA,NA,NA
99,NA,Ostrich3,Ostric,Ostric,Lib_E_Tag_2,2,NA,NA,5,CAGATC,4,NA,NA,Positive Ctrl,COI,GGWACWGGWTGAACWGTWTAYCCYCC,TAIACYTCIGGRTGICCRAARAAYCA,2,ACAGCA,OA_eDNA,NA,NA,NA,NA,NA,NA,NA,NA,NA,NA,NA,NA,NA,0.5,NA,NA,NA
4,NA,PO20170311A.1,PO20170311A,Potlatch,Lib_B_Tag_2,2,NA,NA,2,TGACCA,4,NA,NA,eDNA,COI,GGWACWGGWTGAACWGTWTAYCCYCC,TAIACYTCIGGRTGICCRAARAAYCA,2,ACAGCA,OA_eDNA,NA,NA,NA,NA,NA,NA,NA,NA,NA,NA,NA,NA,NA,0.5,NA,12:30,Incoming
36,NA,PO20170311A.2,PO20170311A,Potlatch,Lib_F_Tag_10,10,NA,NA,6,CTTGTA,4,NA,NA,eDNA,COI,GGWACWGGWTGAACWGTWTAYCCYCC,TAIACYTCIGGRTGICCRAARAAYCA,10,TGTATG,OA_eDNA,NA,NA,NA,NA,NA,NA,NA,NA,NA,NA,NA,NA,NA,1.5,NA,12:30,Incoming
68,NA,PO20170311A.3,PO20170311A,Potlatch,Lib_A_Tag_6,6,NA,NA,1,CGATGT,4,NA,NA,eDNA,COI,GGWACWGGWTGAACWGTWTAYCCYCC,TAIACYTCIGGRTGICCRAARAAYCA,6,ACGACG,OA_eDNA,NA,NA,NA,NA,NA,NA,NA,NA,NA,NA,NA,NA,NA,0.8,NA,12:30,Incoming
5,NA,PO20170311B.1,PO20170311B,Potlatch,Lib_A_Tag_7,7,NA,NA,1,CGATGT,4,NA,NA,eDNA,COI,GGWACWGGWTGAACWGTWTAYCCYCC,TAIACYTCIGGRTGICCRAARAAYCA,7,ATATCG,OA_eDNA,NA,NA,NA,NA,NA,NA,NA,NA,NA,NA,NA,NA,NA,0.4,NA,12:30,Incoming
37,NA,PO20170311B.2,PO20170311B,Potlatch,Lib_C_Tag_11,11,NA,NA,3,ACAGTG,4,NA,NA,eDNA,COI,GGWACWGGWTGAACWGTWTAYCCYCC,TAIACYTCIGGRTGICCRAARAAYCA,11,GCAGTG,OA_eDNA,NA,NA,NA,NA,NA,NA,NA,NA,NA,NA,NA,NA,NA,1.5,NA,12:30,Incoming
69,NA,PO20170311B.3,PO20170311B,Potlatch,Lib_G_Tag_9,9,NA,NA,9,ACTTGA,4,NA,NA,eDNA,COI,GGWACWGGWTGAACWGTWTAYCCYCC,TAIACYTCIGGRTGICCRAARAAYCA,9,TCGCAT,OA_eDNA,NA,NA,NA,NA,NA,NA,NA,NA,NA,NA,NA,NA,NA,0.6,NA,12:30,Incoming
6,NA,PO20170311C.1,PO20170311C,Potlatch,Lib_E_Tag_12,12,NA,NA,5,CAGATC,4,NA,NA,eDNA,COI,GGWACWGGWTGAACWGTWTAYCCYCC,TAIACYTCIGGRTGICCRAARAAYCA,12,GATGAC,OA_eDNA,NA,NA,NA,NA,NA,NA,NA,NA,NA,NA,NA,NA,NA,0.3,NA,12:30,Incoming
38,NA,PO20170311C.2,PO20170311C,Potlatch,Lib_A_Tag_9,9,NA,NA,1,CGATGT,4,NA,NA,eDNA,COI,GGWACWGGWTGAACWGTWTAYCCYCC,TAIACYTCIGGRTGICCRAARAAYCA,9,TCGCAT,OA_eDNA,NA,NA,NA,NA,NA,NA,NA,NA,NA,NA,NA,NA,NA,1.1,NA,12:30,Incoming
70,NA,PO20170311C.3,PO20170311C,Potlatch,Lib_A_Tag_15,15,NA,NA,1,CGATGT,4,NA,NA,eDNA,COI,GGWACWGGWTGAACWGTWTAYCCYCC,TAIACYTCIGGRTGICCRAARAAYCA,15,CGACGC,OA_eDNA,NA,NA,NA,NA,NA,NA,NA,NA,NA,NA,NA,NA,NA,0.5,NA,12:30,Incoming
12,NA,PO20170311D.1,PO20170311D,Potlatch,Lib_D_Tag_7,7,NA,NA,4,GCCAAT,4,NA,NA,eDNA,COI,GGWACWGGWTGAACWGTWTAYCCYCC,TAIACYTCIGGRTGICCRAARAAYCA,7,ATATCG,OA_eDNA,NA,NA,NA,NA,NA,NA,NA,NA,NA,NA,NA,NA,NA,0.8,NA,17:00,Outgoing
44,NA,PO20170311D.2,PO20170311D,Potlatch,Lib_C_Tag_14,14,NA,NA,3,ACAGTG,4,NA,NA,eDNA,COI,GGWACWGGWTGAACWGTWTAYCCYCC,TAIACYTCIGGRTGICCRAARAAYCA,14,TCGTCA,OA_eDNA,NA,NA,NA,NA,NA,NA,NA,NA,NA,NA,NA,NA,NA,1.3,NA,17:00,Outgoing
76,NA,PO20170311D.3,PO20170311D,Potlatch,Lib_F_Tag_13,13,NA,NA,6,CTTGTA,4,NA,NA,eDNA,COI,GGWACWGGWTGAACWGTWTAYCCYCC,TAIACYTCIGGRTGICCRAARAAYCA,13,ATCAGT,OA_eDNA,NA,NA,NA,NA,NA,NA,NA,NA,NA,NA,NA,NA,NA,0.5,NA,17:00,Outgoing
13,NA,PO20170311E.1,PO20170311E,Potlatch,Lib_C_Tag_7,7,NA,NA,3,ACAGTG,4,NA,NA,eDNA,COI,GGWACWGGWTGAACWGTWTAYCCYCC,TAIACYTCIGGRTGICCRAARAAYCA,7,ATATCG,OA_eDNA,NA,NA,NA,NA,NA,NA,NA,NA,NA,NA,NA,NA,NA,0.8,NA,17:00,Outgoing
45,NA,PO20170311E.2,PO20170311E,Potlatch,Lib_E_Tag_1,1,NA,NA,5,CAGATC,4,NA,NA,eDNA,COI,GGWACWGGWTGAACWGTWTAYCCYCC,TAIACYTCIGGRTGICCRAARAAYCA,1,ACACAC,OA_eDNA,NA,NA,NA,NA,NA,NA,NA,NA,NA,NA,NA,NA,NA,1.2,NA,17:00,Outgoing
77,NA,PO20170311E.3,PO20170311E,Potlatch,Lib_B_Tag_11,11,NA,NA,2,TGACCA,4,NA,NA,eDNA,COI,GGWACWGGWTGAACWGTWTAYCCYCC,TAIACYTCIGGRTGICCRAARAAYCA,11,GCAGTG,OA_eDNA,NA,NA,NA,NA,NA,NA,NA,NA,NA,NA,NA,NA,NA,0.7,NA,17:00,Outgoing
14,NA,PO20170311F.1,PO20170311F,Potlatch,Lib_A_Tag_1,1,NA,NA,1,CGATGT,4,NA,NA,eDNA,COI,GGWACWGGWTGAACWGTWTAYCCYCC,TAIACYTCIGGRTGICCRAARAAYCA,1,ACACAC,OA_eDNA,NA,NA,NA,NA,NA,NA,NA,NA,NA,NA,NA,NA,NA,0.7,NA,17:00,Outgoing
46,NA,PO20170311F.2,PO20170311F,Potlatch,Lib_B_Tag_1,1,NA,NA,2,TGACCA,4,NA,NA,eDNA,COI,GGWACWGGWTGAACWGTWTAYCCYCC,TAIACYTCIGGRTGICCRAARAAYCA,1,ACACAC,OA_eDNA,NA,NA,NA,NA,NA,NA,NA,NA,NA,NA,NA,NA,NA,1.1,NA,17:00,Outgoing
78,NA,PO20170311F.3,PO20170311F,Potlatch,Lib_D_Tag_5,5,NA,NA,4,GCCAAT,4,NA,NA,eDNA,COI,GGWACWGGWTGAACWGTWTAYCCYCC,TAIACYTCIGGRTGICCRAARAAYCA,5,ACATGT,OA_eDNA,NA,NA,NA,NA,NA,NA,NA,NA,NA,NA,NA,NA,NA,0.7,NA,17:00,Outgoing
21,NA,PO20170312A.1,PO20170312A,Potlatch,Lib_E_Tag_8,8,NA,NA,5,CAGATC,4,NA,NA,eDNA,COI,GGWACWGGWTGAACWGTWTAYCCYCC,TAIACYTCIGGRTGICCRAARAAYCA,8,CTCGCA,OA_eDNA,NA,NA,NA,NA,NA,NA,NA,NA,NA,NA,NA,NA,NA,0.7,NA,10:00,Outgoing
53,NA,PO20170312A.2,PO20170312A,Potlatch,Lib_C_Tag_9,9,NA,NA,3,ACAGTG,4,NA,NA,eDNA,COI,GGWACWGGWTGAACWGTWTAYCCYCC,TAIACYTCIGGRTGICCRAARAAYCA,9,TCGCAT,OA_eDNA,NA,NA,NA,NA,NA,NA,NA,NA,NA,NA,NA,NA,NA,1.7,NA,10:00,Outgoing
85,NA,PO20170312A.3,PO20170312A,Potlatch,Lib_E_Tag_11,11,NA,NA,5,CAGATC,4,NA,NA,eDNA,COI,GGWACWGGWTGAACWGTWTAYCCYCC,TAIACYTCIGGRTGICCRAARAAYCA,11,GCAGTG,OA_eDNA,NA,NA,NA,NA,NA,NA,NA,NA,NA,NA,NA,NA,NA,0.7,NA,10:00,Outgoing
22,NA,PO20170312B.1,PO20170312B,Potlatch,Lib_F_Tag_8,8,NA,NA,6,CTTGTA,4,NA,NA,eDNA,COI,GGWACWGGWTGAACWGTWTAYCCYCC,TAIACYTCIGGRTGICCRAARAAYCA,8,CTCGCA,OA_eDNA,NA,NA,NA,NA,NA,NA,NA,NA,NA,NA,NA,NA,NA,0.7,NA,10:00,Outgoing
54,NA,PO20170312B.2,PO20170312B,Potlatch,Lib_C_Tag_2,2,NA,NA,3,ACAGTG,4,NA,NA,eDNA,COI,GGWACWGGWTGAACWGTWTAYCCYCC,TAIACYTCIGGRTGICCRAARAAYCA,2,ACAGCA,OA_eDNA,NA,NA,NA,NA,NA,NA,NA,NA,NA,NA,NA,NA,NA,1.8,NA,10:00,Outgoing
86,NA,PO20170312B.3,PO20170312B,Potlatch,Lib_D_Tag_2,2,NA,NA,4,GCCAAT,4,NA,NA,eDNA,COI,GGWACWGGWTGAACWGTWTAYCCYCC,TAIACYTCIGGRTGICCRAARAAYCA,2,ACAGCA,OA_eDNA,NA,NA,NA,NA,NA,NA,NA,NA,NA,NA,NA,NA,NA,0.7,NA,10:00,Outgoing
23,NA,PO20170312C.1,PO20170312C,Potlatch,Lib_B_Tag_14,14,NA,NA,2,TGACCA,4,NA,NA,eDNA,COI,GGWACWGGWTGAACWGTWTAYCCYCC,TAIACYTCIGGRTGICCRAARAAYCA,14,TCGTCA,OA_eDNA,NA,NA,NA,NA,NA,NA,NA,NA,NA,NA,NA,NA,NA,1.1,NA,10:00,Outgoing
55,NA,PO20170312C.2,PO20170312C,Potlatch,Lib_G_Tag_12,12,NA,NA,9,ACTTGA,4,NA,NA,eDNA,COI,GGWACWGGWTGAACWGTWTAYCCYCC,TAIACYTCIGGRTGICCRAARAAYCA,12,GATGAC,OA_eDNA,NA,NA,NA,NA,NA,NA,NA,NA,NA,NA,NA,NA,NA,2.8,NA,10:00,Outgoing
87,NA,PO20170312C.3,PO20170312C,Potlatch,Lib_D_Tag_3,3,NA,NA,4,GCCAAT,4,NA,NA,eDNA,COI,GGWACWGGWTGAACWGTWTAYCCYCC,TAIACYTCIGGRTGICCRAARAAYCA,3,GTCTCT,OA_eDNA,NA,NA,NA,NA,NA,NA,NA,NA,NA,NA,NA,NA,NA,0.7,NA,10:00,Outgoing
9,NA,PO20170312D.1,PO20170312D,Potlatch,Lib_G_Tag_13,13,NA,NA,9,ACTTGA,4,NA,NA,eDNA,COI,GGWACWGGWTGAACWGTWTAYCCYCC,TAIACYTCIGGRTGICCRAARAAYCA,13,ATCAGT,OA_eDNA,NA,NA,NA,NA,NA,NA,NA,NA,NA,NA,NA,NA,NA,1.2,NA,14:15,Incoming
41,NA,PO20170312D.2,PO20170312D,Potlatch,Lib_D_Tag_12,12,NA,NA,4,GCCAAT,4,NA,NA,eDNA,COI,GGWACWGGWTGAACWGTWTAYCCYCC,TAIACYTCIGGRTGICCRAARAAYCA,12,GATGAC,OA_eDNA,NA,NA,NA,NA,NA,NA,NA,NA,NA,NA,NA,NA,NA,17.8,NA,14:15,Incoming
73,NA,PO20170312D.3,PO20170312D,Potlatch,Lib_G_Tag_6,6,NA,NA,9,ACTTGA,4,NA,NA,eDNA,COI,GGWACWGGWTGAACWGTWTAYCCYCC,TAIACYTCIGGRTGICCRAARAAYCA,6,ACGACG,OA_eDNA,NA,NA,NA,NA,NA,NA,NA,NA,NA,NA,NA,NA,NA,0.4,NA,14:15,Incoming
10,NA,PO20170312E.1,PO20170312E,Potlatch,Lib_E_Tag_7,7,NA,NA,5,CAGATC,4,NA,NA,eDNA,COI,GGWACWGGWTGAACWGTWTAYCCYCC,TAIACYTCIGGRTGICCRAARAAYCA,7,ATATCG,OA_eDNA,NA,NA,NA,NA,NA,NA,NA,NA,NA,NA,NA,NA,NA,0.6,NA,14:15,Incoming
42,NA,PO20170312E.2,PO20170312E,Potlatch,Lib_G_Tag_14,14,NA,NA,9,ACTTGA,4,NA,NA,eDNA,COI,GGWACWGGWTGAACWGTWTAYCCYCC,TAIACYTCIGGRTGICCRAARAAYCA,14,TCGTCA,OA_eDNA,NA,NA,NA,NA,NA,NA,NA,NA,NA,NA,NA,NA,NA,1.3,NA,14:15,Incoming
74,NA,PO20170312E.3,PO20170312E,Potlatch,Lib_E_Tag_4,4,NA,NA,5,CAGATC,4,NA,NA,eDNA,COI,GGWACWGGWTGAACWGTWTAYCCYCC,TAIACYTCIGGRTGICCRAARAAYCA,4,GCGCTC,OA_eDNA,NA,NA,NA,NA,NA,NA,NA,NA,NA,NA,NA,NA,NA,0.6,NA,14:15,Incoming
20,NA,PO20170312F.1,PO20170312F,Potlatch,Lib_E_Tag_15,15,NA,NA,5,CAGATC,4,NA,NA,eDNA,COI,GGWACWGGWTGAACWGTWTAYCCYCC,TAIACYTCIGGRTGICCRAARAAYCA,15,CGACGC,OA_eDNA,NA,NA,NA,NA,NA,NA,NA,NA,NA,NA,NA,NA,NA,0.5,NA,14:15,Incoming
52,NA,PO20170312F.2,PO20170312F,Potlatch,Lib_D_Tag_4,4,NA,NA,4,GCCAAT,4,NA,NA,eDNA,COI,GGWACWGGWTGAACWGTWTAYCCYCC,TAIACYTCIGGRTGICCRAARAAYCA,4,GCGCTC,OA_eDNA,NA,NA,NA,NA,NA,NA,NA,NA,NA,NA,NA,NA,NA,3,NA,14:15,Incoming
84,NA,PO20170312F.3,PO20170312F,Potlatch,Lib_A_Tag_3,3,NA,NA,1,CGATGT,4,NA,NA,eDNA,COI,GGWACWGGWTGAACWGTWTAYCCYCC,TAIACYTCIGGRTGICCRAARAAYCA,3,GTCTCT,OA_eDNA,NA,NA,NA,NA,NA,NA,NA,NA,NA,NA,NA,NA,NA,1,NA,14:15,Incoming
1,NA,TW20170311A.1,TW20170311A,Twanoh,Lib_G_Tag_8,8,NA,NA,9,ACTTGA,4,NA,NA,eDNA,COI,GGWACWGGWTGAACWGTWTAYCCYCC,TAIACYTCIGGRTGICCRAARAAYCA,8,CTCGCA,OA_eDNA,NA,NA,NA,NA,NA,NA,NA,NA,NA,NA,NA,NA,NA,1.4,NA,13:30,Incoming
33,NA,TW20170311A.2,TW20170311A,Twanoh,Lib_D_Tag_11,11,NA,NA,4,GCCAAT,4,NA,NA,eDNA,COI,GGWACWGGWTGAACWGTWTAYCCYCC,TAIACYTCIGGRTGICCRAARAAYCA,11,GCAGTG,OA_eDNA,NA,NA,NA,NA,NA,NA,NA,NA,NA,NA,NA,NA,NA,0.8,NA,13:30,Incoming
65,NA,TW20170311A.3,TW20170311A,Twanoh,Lib_F_Tag_4,4,NA,NA,6,CTTGTA,4,NA,NA,eDNA,COI,GGWACWGGWTGAACWGTWTAYCCYCC,TAIACYTCIGGRTGICCRAARAAYCA,4,GCGCTC,OA_eDNA,NA,NA,NA,NA,NA,NA,NA,NA,NA,NA,NA,NA,NA,0.5,NA,13:30,Incoming
2,NA,TW20170311B.1,TW20170311B,Twanoh,Lib_D_Tag_13,13,NA,NA,4,GCCAAT,4,NA,NA,eDNA,COI,GGWACWGGWTGAACWGTWTAYCCYCC,TAIACYTCIGGRTGICCRAARAAYCA,13,ATCAGT,OA_eDNA,NA,NA,NA,NA,NA,NA,NA,NA,NA,NA,NA,NA,NA,0.4,NA,13:30,Incoming
34,NA,TW20170311B.2,TW20170311B,Twanoh,Lib_A_Tag_5,5,NA,NA,1,CGATGT,4,NA,NA,eDNA,COI,GGWACWGGWTGAACWGTWTAYCCYCC,TAIACYTCIGGRTGICCRAARAAYCA,5,ACATGT,OA_eDNA,NA,NA,NA,NA,NA,NA,NA,NA,NA,NA,NA,NA,NA,0.8,NA,13:30,Incoming
66,NA,TW20170311B.3,TW20170311B,Twanoh,Lib_B_Tag_4,4,NA,NA,2,TGACCA,4,NA,NA,eDNA,COI,GGWACWGGWTGAACWGTWTAYCCYCC,TAIACYTCIGGRTGICCRAARAAYCA,4,GCGCTC,OA_eDNA,NA,NA,NA,NA,NA,NA,NA,NA,NA,NA,NA,NA,NA,0.7,NA,13:30,Incoming
3,NA,TW20170311C.1,TW20170311C,Twanoh,Lib_F_Tag_9,9,NA,NA,6,CTTGTA,4,NA,NA,eDNA,COI,GGWACWGGWTGAACWGTWTAYCCYCC,TAIACYTCIGGRTGICCRAARAAYCA,9,TCGCAT,OA_eDNA,NA,NA,NA,NA,NA,NA,NA,NA,NA,NA,NA,NA,NA,0.4,NA,13:30,Incoming
35,NA,TW20170311C.2,TW20170311C,Twanoh,Lib_G_Tag_2,2,NA,NA,9,ACTTGA,4,NA,NA,eDNA,COI,GGWACWGGWTGAACWGTWTAYCCYCC,TAIACYTCIGGRTGICCRAARAAYCA,2,ACAGCA,OA_eDNA,NA,NA,NA,NA,NA,NA,NA,NA,NA,NA,NA,NA,NA,1.3,NA,13:30,Incoming
67,NA,TW20170311C.3,TW20170311C,Twanoh,Lib_C_Tag_4,4,NA,NA,3,ACAGTG,4,NA,NA,eDNA,COI,GGWACWGGWTGAACWGTWTAYCCYCC,TAIACYTCIGGRTGICCRAARAAYCA,4,GCGCTC,OA_eDNA,NA,NA,NA,NA,NA,NA,NA,NA,NA,NA,NA,NA,NA,0.6,NA,13:30,Incoming
11,NA,TW20170311F.1,TW20170311F,Twanoh,Lib_B_Tag_6,6,NA,NA,2,TGACCA,4,NA,NA,eDNA,COI,GGWACWGGWTGAACWGTWTAYCCYCC,TAIACYTCIGGRTGICCRAARAAYCA,6,ACGACG,OA_eDNA,NA,NA,NA,NA,NA,NA,NA,NA,NA,NA,NA,NA,NA,0.6,NA,17:40,Outgoing
43,NA,TW20170311F.2,TW20170311F,Twanoh,Lib_A_Tag_12,12,NA,NA,1,CGATGT,4,NA,NA,eDNA,COI,GGWACWGGWTGAACWGTWTAYCCYCC,TAIACYTCIGGRTGICCRAARAAYCA,12,GATGAC,OA_eDNA,NA,NA,NA,NA,NA,NA,NA,NA,NA,NA,NA,NA,NA,1.1,NA,17:40,Outgoing
75,NA,TW20170311F.3,TW20170311F,Twanoh,Lib_E_Tag_3,3,NA,NA,5,CAGATC,4,NA,NA,eDNA,COI,GGWACWGGWTGAACWGTWTAYCCYCC,TAIACYTCIGGRTGICCRAARAAYCA,3,GTCTCT,OA_eDNA,NA,NA,NA,NA,NA,NA,NA,NA,NA,NA,NA,NA,NA,0.7,NA,17:40,Outgoing
24,NA,TW20170312A.1,TW20170312A,Twanoh,Lib_F_Tag_6,6,NA,NA,6,CTTGTA,4,NA,NA,eDNA,COI,GGWACWGGWTGAACWGTWTAYCCYCC,TAIACYTCIGGRTGICCRAARAAYCA,6,ACGACG,OA_eDNA,NA,NA,NA,NA,NA,NA,NA,NA,NA,NA,NA,NA,NA,0.6,NA,10:30,Outgoing
56,NA,TW20170312A.2,TW20170312A,Twanoh,Lib_C_Tag_12,12,NA,NA,3,ACAGTG,4,NA,NA,eDNA,COI,GGWACWGGWTGAACWGTWTAYCCYCC,TAIACYTCIGGRTGICCRAARAAYCA,12,GATGAC,OA_eDNA,NA,NA,NA,NA,NA,NA,NA,NA,NA,NA,NA,NA,NA,0.8,NA,10:30,Outgoing
88,NA,TW20170312A.3,TW20170312A,Twanoh,Lib_B_Tag_13,13,NA,NA,2,TGACCA,4,NA,NA,eDNA,COI,GGWACWGGWTGAACWGTWTAYCCYCC,TAIACYTCIGGRTGICCRAARAAYCA,13,ATCAGT,OA_eDNA,NA,NA,NA,NA,NA,NA,NA,NA,NA,NA,NA,NA,NA,0.6,NA,10:30,Outgoing
25,NA,TW20170312B.1,TW20170312B,Twanoh,Lib_C_Tag_3,3,NA,NA,3,ACAGTG,4,NA,NA,eDNA,COI,GGWACWGGWTGAACWGTWTAYCCYCC,TAIACYTCIGGRTGICCRAARAAYCA,3,GTCTCT,OA_eDNA,NA,NA,NA,NA,NA,NA,NA,NA,NA,NA,NA,NA,NA,1.2,NA,10:30,Outgoing
57,NA,TW20170312B.2,TW20170312B,Twanoh,Lib_D_Tag_8,8,NA,NA,4,GCCAAT,4,NA,NA,eDNA,COI,GGWACWGGWTGAACWGTWTAYCCYCC,TAIACYTCIGGRTGICCRAARAAYCA,8,CTCGCA,OA_eDNA,NA,NA,NA,NA,NA,NA,NA,NA,NA,NA,NA,NA,NA,0.9,NA,10:30,Outgoing
89,NA,TW20170312B.3,TW20170312B,Twanoh,Lib_D_Tag_6,6,NA,NA,4,GCCAAT,4,NA,NA,eDNA,COI,GGWACWGGWTGAACWGTWTAYCCYCC,TAIACYTCIGGRTGICCRAARAAYCA,6,ACGACG,OA_eDNA,NA,NA,NA,NA,NA,NA,NA,NA,NA,NA,NA,NA,NA,0.9,NA,10:30,Outgoing
26,NA,TW20170312C.1,TW20170312C,Twanoh,Lib_F_Tag_12,12,NA,NA,6,CTTGTA,4,NA,NA,eDNA,COI,GGWACWGGWTGAACWGTWTAYCCYCC,TAIACYTCIGGRTGICCRAARAAYCA,12,GATGAC,OA_eDNA,NA,NA,NA,NA,NA,NA,NA,NA,NA,NA,NA,NA,NA,1.5,NA,10:30,Outgoing
58,NA,TW20170312C.2,TW20170312C,Twanoh,Lib_G_Tag_3,3,NA,NA,9,ACTTGA,4,NA,NA,eDNA,COI,GGWACWGGWTGAACWGTWTAYCCYCC,TAIACYTCIGGRTGICCRAARAAYCA,3,GTCTCT,OA_eDNA,NA,NA,NA,NA,NA,NA,NA,NA,NA,NA,NA,NA,NA,0.5,NA,10:30,Outgoing
90,NA,TW20170312C.3,TW20170312C,Twanoh,Lib_A_Tag_10,10,NA,NA,1,CGATGT,4,NA,NA,eDNA,COI,GGWACWGGWTGAACWGTWTAYCCYCC,TAIACYTCIGGRTGICCRAARAAYCA,10,TGTATG,OA_eDNA,NA,NA,NA,NA,NA,NA,NA,NA,NA,NA,NA,NA,NA,0.9,NA,10:30,Outgoing
30,NA,TW20170312D.1,TW20170312D,Twanoh,Lib_E_Tag_10,10,NA,NA,5,CAGATC,4,NA,NA,eDNA,COI,GGWACWGGWTGAACWGTWTAYCCYCC,TAIACYTCIGGRTGICCRAARAAYCA,10,TGTATG,OA_eDNA,NA,NA,NA,NA,NA,NA,NA,NA,NA,NA,NA,NA,NA,11.6,NA,13:30,Incoming
62,NA,TW20170312D.2,TW20170312D,Twanoh,Lib_G_Tag_10,10,NA,NA,9,ACTTGA,4,NA,NA,eDNA,COI,GGWACWGGWTGAACWGTWTAYCCYCC,TAIACYTCIGGRTGICCRAARAAYCA,10,TGTATG,OA_eDNA,NA,NA,NA,NA,NA,NA,NA,NA,NA,NA,NA,NA,NA,0.6,NA,13:30,Incoming
94,NA,TW20170312D.3,TW20170312D,Twanoh,Lib_A_Tag_4,4,NA,NA,1,CGATGT,4,NA,NA,eDNA,COI,GGWACWGGWTGAACWGTWTAYCCYCC,TAIACYTCIGGRTGICCRAARAAYCA,4,GCGCTC,OA_eDNA,NA,NA,NA,NA,NA,NA,NA,NA,NA,NA,NA,NA,NA,0.5,NA,13:30,Incoming
31,NA,TW20170312E.1,TW20170312E,Twanoh,Lib_C_Tag_1,1,NA,NA,3,ACAGTG,4,NA,NA,eDNA,COI,GGWACWGGWTGAACWGTWTAYCCYCC,TAIACYTCIGGRTGICCRAARAAYCA,1,ACACAC,OA_eDNA,NA,NA,NA,NA,NA,NA,NA,NA,NA,NA,NA,NA,NA,8.5,NA,13:30,Incoming
63,NA,TW20170312E.2,TW20170312E,Twanoh,Lib_F_Tag_5,5,NA,NA,6,CTTGTA,4,NA,NA,eDNA,COI,GGWACWGGWTGAACWGTWTAYCCYCC,TAIACYTCIGGRTGICCRAARAAYCA,5,ACATGT,OA_eDNA,NA,NA,NA,NA,NA,NA,NA,NA,NA,NA,NA,NA,NA,0.6,NA,13:30,Incoming
95,NA,TW20170312E.3,TW20170312E,Twanoh,Lib_B_Tag_9,9,NA,NA,2,TGACCA,4,NA,NA,eDNA,COI,GGWACWGGWTGAACWGTWTAYCCYCC,TAIACYTCIGGRTGICCRAARAAYCA,9,TCGCAT,OA_eDNA,NA,NA,NA,NA,NA,NA,NA,NA,NA,NA,NA,NA,NA,0.4,NA,13:30,Incoming
32,NA,TW20170312F.1,TW20170312F,Twanoh,Lib_E_Tag_9,9,NA,NA,5,CAGATC,4,NA,NA,eDNA,COI,GGWACWGGWTGAACWGTWTAYCCYCC,TAIACYTCIGGRTGICCRAARAAYCA,9,TCGCAT,OA_eDNA,NA,NA,NA,NA,NA,NA,NA,NA,NA,NA,NA,NA,NA,0.5,NA,13:30,Incoming
64,NA,TW20170312F.2,TW20170312F,Twanoh,Lib_A_Tag_14,14,NA,NA,1,CGATGT,4,NA,NA,eDNA,COI,GGWACWGGWTGAACWGTWTAYCCYCC,TAIACYTCIGGRTGICCRAARAAYCA,14,TCGTCA,OA_eDNA,NA,NA,NA,NA,NA,NA,NA,NA,NA,NA,NA,NA,NA,0.8,NA,13:30,Incoming
96,NA,TW20170312F.3,TW20170312F,Twanoh,Lib_C_Tag_15,15,NA,NA,3,ACAGTG,4,NA,NA,eDNA,COI,GGWACWGGWTGAACWGTWTAYCCYCC,TAIACYTCIGGRTGICCRAARAAYCA,15,CGACGC,OA_eDNA,NA,NA,NA,NA,NA,NA,NA,NA,NA,NA,NA,NA,NA,0.6,NA,13:30,Incoming