order,sample_name,original_sample,Site,library_tag_combo,Tag,file1,file2,pri_index_name,pri_index_seq,sec_index_start,vol_actual_uL,PCR2 date,sample_type,locus,primerF_seq,primerR_seq,tag_number,tag_sequence,experiment,vol_product_unclean_uL,vol_clean_input,vol_clean_elute_uL,vol_clean_total_uL,vol_removed_gel_uL,vol_removed_qubit_uL,vol_removed_BA,vol_remain_uL,conc_DNA_sample_ng/uL,mass_DNA_total_ng,fragment_size_BA,conc_DNA_BA_nguL,mass_DNA_pooled_ng,vol_pooled_undiluted_uL,Amount Needed (ul) for Kappa Kit (>= .1ng)
1,TW11D.1,TW20170311D,Twanoh,Lib_01_No_Tag,No_Tag,ACATCG_1.1.fastq,ACATCG_1.2.fastq,Lib_01,CGATGT,4,29,,eDNA,COI,GGWACWGGWTGAACWGTWTAYCCYCC,TANACYTCNGGRTGNCCRAARAAYCA,No_Tag,ACACAC,Tides_COI,,,,,,,,,2.56,74.24,500,,,,
2,TW11D.2,TW20170311D,Twanoh,Lib_02_No_Tag,No_Tag,TGGTCA_1.1.fastq,TGGTCA_1.2.fastq,Lib_02,TGACCA,4,29,,eDNA,COI,GGWACWGGWTGAACWGTWTAYCCYCC,TANACYTCNGGRTGNCCRAARAAYCA,No_Tag,ACACAC,Tides_COI,,,,,,,,,3.52,102.08,500,,,,
3,TW11E.1,TW20170311E,Twanoh,Lib_03_No_Tag,No_Tag,CACTGT_1.1.fastq,CACTGT_1.2.fastq,Lib_03,ACAGTG,4,29,,eDNA,COI,GGWACWGGWTGAACWGTWTAYCCYCC,TANACYTCNGGRTGNCCRAARAAYCA,No_Tag,ACACAC,Tides_COI,,,,,,,,,4.18,121.22,500,,,,
4,TW11E.2,TW20170311E,Twanoh,Lib_04_No_Tag,No_Tag,ATTGGC_1.1.fastq,ATTGGC_1.2.fastq,Lib_04,GCCAAT,4,29,,eDNA,COI,GGWACWGGWTGAACWGTWTAYCCYCC,TANACYTCNGGRTGNCCRAARAAYCA,No_Tag,ACACAC,Tides_COI,,,,,,,,,3.18,92.22,500,,,,
5,LL12C.1,LL20170312C,Lilliwaup,Lib_05_No_Tag,No_Tag,GATCTG_1.1.fastq,GATCTG_1.2.fastq,Lib_05,CAGATC,4,29,,eDNA,COI,GGWACWGGWTGAACWGTWTAYCCYCC,TANACYTCNGGRTGNCCRAARAAYCA,No_Tag,ACACAC,Tides_COI,,,,,,,,,3.1,89.9,500,,,,
6,LL12C.2,LL20170312C,Lilliwaup,Lib_06_No_Tag,No_Tag,TACAAG_1.1.fastq,TACAAG_1.2.fastq,Lib_06,CTTGTA,4,29,,eDNA,COI,GGWACWGGWTGAACWGTWTAYCCYCC,TANACYTCNGGRTGNCCRAARAAYCA,No_Tag,ACACAC,Tides_COI,,,,,,,,,2.42,70.18,500,,,,
7,TW11D.1b,TW20170311D,Twanoh,Lib_01_Tag_01,Tag_01,ACATCG_1.1.fastq,ACATCG_1.2.fastq,Lib_01,CGATGT,4,29,,eDNA,COI,GGWACWGGWTGAACWGTWTAYCCYCC,TANACYTCNGGRTGNCCRAARAAYCA,1,ACACAC,Tides_COI,,,,,,,,,2.24,64.96,500,,,,
8,TW11D.2b,TW20170311D,Twanoh,Lib_02_Tag_02,Tag_02,TGGTCA_1.1.fastq,TGGTCA_1.2.fastq,Lib_02,TGACCA,4,29,,eDNA,COI,GGWACWGGWTGAACWGTWTAYCCYCC,TANACYTCNGGRTGNCCRAARAAYCA,2,ACAGCA,Tides_COI,,,,,,,,,3.7,107.3,500,,,,
9,TW11E.1b,TW20170311E,Twanoh,Lib_03_Tag_03,Tag_03,CACTGT_1.1.fastq,CACTGT_1.2.fastq,Lib_03,ACAGTG,4,29,,eDNA,COI,GGWACWGGWTGAACWGTWTAYCCYCC,TANACYTCNGGRTGNCCRAARAAYCA,3,GTCTCT,Tides_COI,,,,,,,,,4.28,124.12,500,,,,
10,TW11E.2b,TW20170311E,Twanoh,Lib_04_Tag_04,Tag_04,ATTGGC_1.1.fastq,ATTGGC_1.2.fastq,Lib_04,GCCAAT,4,29,,eDNA,COI,GGWACWGGWTGAACWGTWTAYCCYCC,TANACYTCNGGRTGNCCRAARAAYCA,4,GCGCTC,Tides_COI,,,,,,,,,4.56,132.24,500,,,,
11,LL12C.1b,LL20170312C,Lilliwaup,Lib_05_Tag_05,Tag_05,GATCTG_1.1.fastq,GATCTG_1.2.fastq,Lib_05,CAGATC,4,29,,eDNA,COI,GGWACWGGWTGAACWGTWTAYCCYCC,TANACYTCNGGRTGNCCRAARAAYCA,5,ACATGT,Tides_COI,,,,,,,,,3.82,110.78,500,,,,
12,LL12C.2b,LL20170312C,Lilliwaup,Lib_06_Tag_06,Tag_06,TACAAG_1.1.fastq,TACAAG_1.2.fastq,Lib_06,CTTGTA,4,29,,eDNA,COI,GGWACWGGWTGAACWGTWTAYCCYCC,TANACYTCNGGRTGNCCRAARAAYCA,6,ACGACG,Tides_COI,,,,,,,,,2.3,66.7,500,,,,
13,Ostrich,ostrich,ostrich,Lib_04_Tag_07,Tag_07,ATTGGC_1.1.fastq,ATTGGC_1.2.fastq,Lib_04,GCCAAT,4,29,,PositveCtrl,COI,GGWACWGGWTGAACWGTWTAYCCYCC,TANACYTCNGGRTGNCCRAARAAYCA,7,ATATCG,Tides_COI,,,,,,,,,,,,,,,
